id,first_name,last_name,ip_address,age,gender
1,Kit,Rutigliano,148.6.180.89,48,Female
2,Debora,Duff,136.10.50.23,49,Female
3,Beverly,Wragge,58.223.149.128,39,Female
4,Boyce,Scamerden,160.93.46.231,33,Male
5,Fairfax,Limb,95.43.192.188,20,Male
6,Aguie,Ewing,105.249.254.200,39,Male
7,Sheilakathryn,Dinis,192.221.234.44,33,Female
8,Hazel,Traise,190.55.114.142,48,Male
9,Gabby,Rillstone,100.125.58.52,21,Male
10,Claire,Yurukhin,191.77.11.128,50,Male
11,Kirstyn,Kirkbright,129.70.156.18,41,Female
12,Hall,Stooke,206.184.106.9,32,Male
13,Darby,Cominoli,44.194.193.71,23,Female
14,Erl,Milham,41.66.109.181,30,Male
15,Anastasia,Scrivens,211.81.239.215,34,Female
16,Lorettalorna,Rogeron,244.154.240.65,37,Female
17,Kelci,Liddall,24.81.43.224,32,Female
18,Astrix,Petrol,33.6.223.26,51,Female
19,Prue,Dearth,174.210.123.190,44,Female
20,Cristy,Fabb,173.106.222.105,18,Female
21,Averil,Bushe,147.177.91.70,32,Female
22,Lek,Illiston,44.208.65.0,34,Male
23,Quintin,Lanham,46.80.13.120,20,Male
24,Gayle,Swidenbank,84.147.238.60,28,Female
25,Ardeen,Nobriga,226.162.135.246,35,Female
26,Cassi,Stickel,15.118.210.35,19,Female
27,Kathryn,Newlyn,114.63.245.193,26,Female
28,Damon,Kleewein,2.18.228.247,36,Male
29,Steven,Dillimore,17.98.104.97,42,Male
30,Sharona,Saxelby,191.253.164.244,54,Female
31,Harriette,Label,63.148.144.232,29,Female
32,Roana,Macartney,34.37.59.0,36,Female
33,Standford,Dunton,2.67.38.163,22,Male
34,Felic,Schrei,64.12.49.208,26,Male
35,Hoyt,Innes,156.178.80.105,35,Male
36,Boyd,Parrot,93.35.109.82,29,Male
37,Freemon,Dunstall,27.215.55.22,31,Male
38,Lavinia,Mougenel,15.21.186.120,53,Female
39,Darrell,Braganca,64.245.150.248,38,Male
40,Gaylor,Kubes,83.69.76.243,24,Male
41,Antone,Beathem,59.247.34.165,21,Male
42,Engelbert,Hiddy,39.9.79.177,23,Male
43,Johnathon,Harker,211.81.220.29,46,Male
44,Jaymie,O'Hannigan,69.119.106.209,44,Male
45,Milty,Chasson,217.47.185.8,31,Male
46,Chaddie,Masser,150.118.6.16,40,Male
47,Aggi,Ulster,156.248.132.253,29,Female
48,Evangelina,Foro,70.99.244.68,45,Female
49,Lotte,Mitchard,215.115.247.216,39,Female
50,Adrian,Cheatle,58.79.224.131,25,Female
51,Krishnah,Blackah,81.230.147.124,27,Male
52,Kimball,Trustie,100.79.69.213,35,Male
53,Aida,Benezet,4.240.251.51,34,Female
54,Aleksandr,Vanyukov,68.143.193.58,32,Male
55,Cybill,Maiden,6.13.154.211,37,Female
56,Nicky,Greedier,46.77.165.155,22,Male
57,Daphene,Dilleston,199.110.62.133,39,Female
58,Westleigh,McTiernan,40.85.81.180,40,Male
59,Cara,Scottini,168.35.45.98,50,Female
60,Klarrisa,Bransgrove,161.215.68.111,49,Female
61,Carolann,Mc Caghan,76.192.48.114,29,Female
62,Dorey,Devonside,162.42.77.147,28,Female
63,Weidar,Lonergan,194.122.75.42,20,Male
64,Fianna,Morgan,194.73.77.59,34,Female
65,Estevan,Patershall,104.126.153.216,20,Male
66,Elke,Harmeston,159.238.144.179,39,Female
67,Jane,Merrall,245.123.52.61,53,Female
68,Gaylene,Jenyns,223.211.202.41,37,Female
69,Ernestus,Butterworth,162.242.234.40,49,Male
70,Denni,Dunkley,172.126.54.71,23,Female
71,Griffith,Domenge,20.106.246.73,33,Male
72,Derick,Barstowk,119.150.239.69,54,Male
73,Rosana,Sedgefield,190.255.229.208,41,Female
74,Andreas,Wickenden,37.75.200.159,48,Male
75,Thaxter,Litchmore,85.8.24.24,22,Male
76,Dorie,Kantor,81.63.152.101,48,Female
77,Jessee,Nower,51.254.150.81,49,Male
78,Karna,Lambkin,126.174.13.14,50,Female
79,Scottie,Leroux,184.232.12.184,28,Male
80,Ethelind,Studdert,15.212.130.228,31,Female
81,Earvin,Paschke,122.37.6.145,39,Male
82,Vikky,Haighton,206.239.75.127,23,Female
83,Renaud,Rudram,160.117.249.111,25,Male
84,Arleyne,Pavolillo,185.231.7.197,24,Female
85,Barbie,Dwire,237.35.80.169,27,Female
86,Kean,Palmar,103.120.111.1,50,Male
87,Ellsworth,Spennock,81.67.217.220,47,Male
88,Lanni,Curtin,96.67.3.150,54,Female
89,Carroll,Burnell,177.225.155.3,34,Male
90,Karla,Daveridge,227.0.180.219,26,Female
91,Grete,Handover,23.208.123.83,32,Female
92,Loria,Asprey,132.202.159.106,25,Female
93,Putnam,Daveran,105.181.168.59,43,Male
94,Annelise,Marini,94.46.6.33,39,Female
95,Karilynn,Peacock,215.22.124.195,43,Female
96,Marwin,Southey,158.57.68.108,48,Male
97,Ruprecht,Dainton,187.76.101.97,53,Male
98,Marcello,Breens,66.193.173.141,41,Male
99,Maynord,Suddell,247.139.223.184,20,Male
100,Windy,Havock,70.39.19.38,21,Female
101,Gorden,Seakin,182.116.176.169,41,Male
102,Antonio,Lindholm,27.204.234.228,41,Male
103,Euell,Doumer,99.225.87.179,18,Male
104,Mallissa,Brudenell,224.201.136.172,34,Female
105,Darrin,Champley,59.182.210.144,52,Male
106,Milty,Le Merchant,130.121.119.212,38,Male
107,Dean,Grimwood,183.109.225.45,26,Male
108,Gauthier,Bagot,183.201.110.6,27,Male
109,Arnaldo,MacRorie,238.39.218.134,29,Male
110,Sherline,Bottleson,31.48.32.33,47,Female
111,Meredeth,Mursell,9.141.158.124,23,Male
112,Kathryn,Guitel,63.38.177.151,20,Female
113,Kirbie,Rack,4.172.38.173,28,Female
114,Vivyanne,Dillestone,183.33.4.118,53,Female
115,Tabor,Corwin,160.200.255.23,38,Male
116,Rosette,Nehls,25.12.184.238,35,Female
117,Lanette,Gendrich,118.200.66.74,39,Female
118,Di,Gheeorghie,209.176.178.139,46,Female
119,Leslie,Batteson,218.68.177.43,21,Male
120,Pauly,Sheerin,21.73.191.45,28,Male
121,Harmony,Reape,191.184.128.93,42,Female
122,Annetta,Stedmond,130.41.54.12,52,Female
123,Dulcinea,Dandie,147.234.23.230,33,Female
124,Susan,Daynter,230.233.252.94,48,Female
125,Maddie,Riden,9.202.82.230,50,Female
126,Angel,Lidgerton,28.16.197.97,48,Male
127,Natalie,Yusupov,20.69.12.6,45,Female
128,Elianora,Tidbury,113.3.183.118,34,Female
129,Osbourn,McDougle,15.253.47.189,44,Male
130,Sydney,Baynam,134.237.42.147,29,Male
131,Benton,Ryce,254.0.95.133,29,Male
132,Garvey,Milroy,37.179.210.120,38,Male
133,Phoebe,Beaten,95.166.157.128,34,Female
134,Zed,Featenby,30.12.219.40,21,Male
135,Sloan,Dunkerley,47.33.80.2,26,Male
136,Mehetabel,Hailey,3.82.77.225,30,Female
137,Conroy,Grishin,241.233.109.55,29,Male
138,Conrad,Tatham,54.70.237.148,52,Male
139,Georgy,Grieg,229.115.173.3,41,Male
140,Camala,Rapsey,54.153.216.21,19,Female
141,Radcliffe,Boydell,130.230.224.174,23,Male
142,Hedvige,Minchell,122.99.97.72,22,Female
143,Britte,Madine,111.70.57.242,32,Female
144,Darbie,Mildmott,46.27.87.164,24,Female
145,Killian,Pleace,92.55.177.195,34,Male
146,Rebekkah,Doolan,101.47.99.235,37,Female
147,Eustace,Ablitt,197.83.51.14,38,Male
148,Rutger,Fairnie,222.189.210.190,39,Male
149,Susanna,Pickvance,128.147.243.81,19,Female
150,Tammie,Degoy,182.211.210.99,18,Male
151,Saunder,Boor,218.172.211.82,44,Male
152,Annaliese,Lisciandri,169.254.100.130,20,Female
153,Dun,Botfield,99.82.122.194,29,Male
154,Constantina,McLoughlin,149.30.222.58,26,Female
155,Loria,Gentreau,74.229.240.17,29,Female
156,Bertina,Sindell,212.51.150.116,48,Female
157,Glen,Kull,244.90.224.52,25,Female
158,Auguste,Cord,34.101.149.4,33,Female
159,Cherlyn,Abramovic,234.89.213.214,50,Female
160,Aleen,Rizzo,171.234.233.103,52,Female
161,Addy,Esom,219.16.17.30,35,Male
162,Sylvan,Schubert,55.62.242.167,54,Male
163,Hedy,Yakovl,47.223.19.241,34,Female
164,Noelani,Fitzpayn,223.52.205.49,50,Female
165,Milly,Fivey,65.137.245.46,47,Female
166,Fae,Brakewell,254.134.139.218,21,Female
167,Abagail,Waldocke,234.181.190.223,51,Female
168,Cullan,MacIlwrick,102.188.52.213,53,Male
169,Tabbatha,Lenchenko,98.204.217.61,39,Female
170,Vince,Bleasdale,90.98.249.218,32,Male
171,Iolande,Cuttle,187.131.25.124,26,Female
172,Alex,Olyunin,114.160.185.78,50,Female
173,Griswold,Postle,202.97.79.12,43,Male
174,Alysia,Huygen,112.185.83.156,18,Female
175,Violette,Cohane,226.224.239.7,36,Female
176,Sterne,Idel,68.103.123.181,50,Male
177,Joellyn,Abethell,78.146.106.239,44,Female
178,Crista,Sherwen,217.17.250.29,28,Female
179,Margie,O'Garmen,203.54.187.73,23,Female
180,Bartholemy,Eadon,61.228.97.215,47,Male
181,Pattin,Mealand,155.50.230.151,42,Male
182,Winny,Lillee,42.225.170.85,54,Female
183,Kelley,Drake,94.132.34.27,39,Male
184,Kimberley,Welfair,7.29.9.56,44,Female
185,Gayla,Choffin,186.3.77.163,24,Female
186,Filbert,McCarty,121.70.98.250,39,Male
187,Sigfried,Oliveras,217.199.241.27,39,Male
188,Giraud,Perroni,95.132.243.43,28,Male
189,Valentijn,Websdale,251.90.16.213,37,Male
190,Kristine,Glanister,127.57.56.9,32,Female
191,Trish,Linklet,26.11.191.151,32,Female
192,Edik,Bowes,199.139.226.108,29,Male
193,Misti,Saulter,183.241.105.79,52,Female
194,Cristian,Hampton,187.6.93.145,28,Male
195,Carver,Voas,89.21.150.188,39,Male
196,Cal,Fairhead,108.89.242.251,33,Male
197,Darbee,Pestor,57.208.144.107,53,Male
198,Fredra,Tranter,112.110.73.138,20,Female
199,Gaultiero,Addicote,251.160.153.189,26,Male
200,Lindsay,Katt,188.133.114.59,24,Male
201,Billi,Kohler,206.42.196.95,25,Female
202,Leontyne,Haldon,235.36.20.41,28,Female
203,Paquito,Gibbonson,97.200.106.172,30,Male
204,Vladimir,Canto,166.154.16.182,45,Male
205,Harmonie,Mullarkey,29.162.188.196,23,Female
206,Cathee,Eagers,161.22.206.145,47,Female
207,Roselia,Boffey,140.185.12.11,45,Female
208,Whitney,Rayer,20.60.246.244,39,Male
209,Pierrette,Ughi,54.222.11.185,41,Female
210,Rona,Culkin,15.170.74.186,47,Female
211,Garald,Arkley,203.174.117.112,28,Male
212,Celesta,Killen,97.80.104.225,24,Female
213,Melessa,Satford,50.140.121.132,22,Female
214,Shannon,Dallender,209.33.161.203,42,Male
215,Callean,Race,236.232.32.13,21,Male
216,Celesta,Legerton,98.229.85.137,27,Female
217,Herby,Ratcliff,140.171.239.41,30,Male
218,Norman,Bridges,179.110.181.65,45,Male
219,Yevette,Schole,63.166.107.160,27,Female
220,Derril,Bonde,238.172.207.83,40,Male
221,Thea,Borel,219.134.59.150,23,Female
222,Wilek,Fennell,189.167.237.178,44,Male
223,Hubie,Westmacott,42.199.255.52,20,Male
224,Sloan,McDonand,206.96.16.46,19,Male
225,Dougie,Poleykett,39.100.176.44,34,Male
226,Andy,Lavers,25.161.248.248,21,Female
227,Ingram,Whittet,128.210.181.81,26,Male
228,Teddie,Vallens,60.168.200.179,30,Female
229,Kory,Biagi,236.226.148.122,21,Male
230,Althea,Fulep,84.60.22.59,42,Female
231,Glynis,Harmston,226.143.132.32,27,Female
232,Orlando,Penhall,57.107.164.19,51,Male
233,Rosemarie,Gummoe,244.147.106.106,19,Female
234,Licha,Oppery,151.37.22.69,41,Female
235,Correy,Malley,49.146.154.144,25,Male
236,Roberto,Willoughby,242.192.241.231,21,Male
237,Quentin,Torres,157.191.113.128,54,Male
238,Lin,Kille,200.43.74.231,45,Female
239,Fanchette,Dufoure,36.223.81.128,38,Female
240,Jard,Boothebie,192.7.227.97,20,Male
241,Beatrisa,Dack,163.94.141.117,25,Female
242,Kippy,Gouck,248.136.147.11,30,Female
243,Sharleen,Scouler,68.103.39.216,26,Female
244,Morganica,Peidro,62.162.94.213,26,Female
245,Spenser,Rookeby,102.12.33.86,27,Male
246,Viva,Elderfield,178.19.209.67,46,Female
247,Guilbert,Pietruszka,187.66.57.196,45,Male
248,Derby,MacNeilage,197.61.34.129,42,Male
249,Bil,McAughtry,94.97.184.37,52,Male
250,Demeter,Betty,240.41.230.236,41,Female
251,Stevy,Millier,11.215.67.83,36,Male
252,Joanne,Burrows,58.66.61.169,35,Female
253,Rikki,Welbourn,5.61.131.223,38,Male
254,Kitty,Aloway,207.108.157.61,52,Female
255,Wynn,Bartoletti,24.23.240.62,43,Female
256,Alec,Hasel,117.8.216.159,20,Male
257,Breanne,Sizey,107.22.191.177,36,Female
258,Bernie,Camin,120.37.177.90,35,Male
259,Kyle,Westhoff,204.38.213.24,45,Male
260,Kimberly,Streatfeild,165.74.24.168,47,Female
261,Garry,Massingham,182.182.137.46,53,Male
262,Aundrea,Nellis,178.225.98.202,34,Female
263,Horatio,Rao,4.197.235.200,39,Male
264,Myrna,Vasilchikov,215.25.159.201,35,Female
265,Lenka,Chess,100.48.159.115,47,Female
266,Willy,Norcliffe,206.216.8.55,26,Female
267,Norri,Bassilashvili,85.214.67.177,34,Female
268,Rabi,Goodrum,50.249.58.156,31,Male
269,Donnie,Pothbury,149.118.151.33,37,Female
270,Tammie,Desport,70.132.56.209,35,Male
271,Rodolph,Roust,225.150.156.186,46,Male
272,Ravi,Aistrop,238.122.36.194,45,Male
273,Merwyn,Margaritelli,16.123.254.9,37,Male
274,Wini,Lyptratt,4.141.128.62,32,Female
275,Orton,Coltart,50.126.15.237,24,Male
276,Marcelle,Hurle,160.8.226.22,32,Female
277,Mady,Strike,66.35.120.231,39,Female
278,Willis,Stagge,17.156.150.130,20,Male
279,Nick,Clampe,169.19.24.204,23,Male
280,Symon,Stockport,232.246.159.87,27,Male
281,Hebert,Joseff,76.39.132.7,26,Male
282,Con,Ramirez,129.96.235.250,18,Female
283,Jim,Stummeyer,166.50.75.190,34,Male
284,Vanni,Balma,83.101.116.255,26,Female
285,Ado,Skirvin,1.248.205.45,27,Male
286,Angie,Praton,236.61.16.209,31,Male
287,Del,Winslett,178.61.111.3,29,Male
288,Nollie,Terrett,117.236.244.139,39,Female
289,Stace,Henriksson,144.245.216.54,18,Female
290,Katine,Alwin,175.70.226.132,21,Female
291,Yale,Hulk,148.39.118.172,28,Male
292,Kirsti,Babington,192.188.177.24,32,Female
293,Cammi,Parsisson,51.34.210.146,23,Female
294,Pooh,Riseborough,111.80.42.154,33,Male
295,Holmes,Pimm,47.248.201.130,34,Male
296,Floris,Yankov,174.77.33.111,33,Female
297,Kippie,Writer,163.144.118.195,33,Female
298,Enrica,Bidmead,31.153.187.131,39,Female
299,Bruno,Josuweit,27.79.53.196,37,Male
300,Courtenay,Learmonth,140.6.203.179,38,Female
301,Bendix,Macias,223.35.61.20,51,Male
302,Konstantine,Abramin,92.135.166.55,47,Male
303,Theo,Pethick,63.111.192.49,53,Female
304,Layney,Hagergham,156.24.170.125,40,Female
305,Annora,Merveille,7.255.153.87,29,Female
306,Gaven,Slimmon,7.155.41.212,31,Male
307,Gretna,Elders,174.95.209.205,19,Female
308,Letty,Brangan,96.220.216.118,31,Female
309,Raffarty,McKinn,126.24.92.252,34,Male
310,Wandie,Moreno,229.26.177.119,52,Female
311,Lidia,Vial,131.244.11.228,54,Female
312,Margarita,Tollady,89.125.83.77,50,Female
313,Hatti,Giacopini,59.85.153.11,22,Female
314,Peadar,Chicken,163.145.212.108,40,Male
315,Felicia,Samarth,45.131.152.27,29,Female
316,Suzy,Ingarfill,195.246.166.242,18,Female
317,Leola,Sprowle,231.235.248.189,39,Female
318,Corbin,Goford,117.28.46.47,27,Male
319,Gregoor,Rathmell,18.149.10.130,49,Male
320,Newton,Stower,205.233.32.239,53,Male
321,Riobard,Gonsalvez,136.13.29.79,39,Male
322,Chaim,Kalinke,242.201.12.160,19,Male
323,Gunner,Belsham,7.215.158.247,21,Male
324,Geoffry,Brookwell,212.183.177.32,22,Male
325,Crichton,McNirlan,85.136.190.119,21,Male
326,Desirae,Eddins,158.197.215.68,39,Female
327,Davon,Laviss,1.133.75.134,47,Male
328,Natalie,Comford,59.45.121.131,52,Female
329,Dougie,Bassingham,248.20.28.231,22,Male
330,Bertine,Humburton,95.200.22.145,51,Female
331,Terry,Deeth,145.87.128.245,24,Male
332,Novelia,Bohin,140.42.177.237,41,Female
333,Merrel,Alwin,40.159.29.252,27,Male
334,Elston,Tincey,170.51.122.90,46,Male
335,Britni,Wace,99.157.218.68,24,Female
336,Bryan,Vasilik,23.8.113.93,43,Male
337,Lonni,Wedge,228.91.65.115,20,Female
338,Malachi,Grelak,242.205.77.166,48,Male
339,Atlanta,Lawlee,127.180.232.246,47,Female
340,Emmy,Duham,112.172.156.219,35,Male
341,El,Forsdike,182.24.130.248,33,Male
342,Devina,Fellos,85.215.21.212,50,Female
343,Ariela,Wainwright,159.58.254.248,53,Female
344,Holly,Zannini,247.112.39.193,45,Female
345,Bevan,Bradden,179.146.40.16,26,Male
346,Dietrich,Grinnov,236.247.65.139,37,Male
347,Gay,Paffot,7.55.15.99,21,Male
348,Anabel,Walburn,64.141.168.24,38,Female
349,Madelyn,Wenham,139.66.150.238,51,Female
350,Bartram,Malzard,181.220.193.45,38,Male
351,Mayor,Swindells,244.90.33.236,26,Male
352,Emilio,Katz,50.95.154.59,33,Male
353,Conway,Buttriss,190.241.8.111,36,Male
354,Doti,Whittlesee,248.96.244.90,23,Female
355,Sheffield,Woodberry,175.32.183.59,37,Male
356,Ingelbert,Keyworth,251.115.11.62,54,Male
357,Rutherford,Raffan,132.149.201.16,53,Male
358,Haily,Beadell,3.126.248.73,33,Female
359,Price,Mattussevich,26.123.108.144,42,Male
360,Rabi,Farncomb,93.95.187.248,41,Male
361,Josiah,McCathy,108.112.227.58,41,Male
362,Zonnya,Salzburg,243.178.137.139,20,Female
363,Liana,Winks,241.99.22.144,34,Female
364,Alfonso,Leverton,190.148.174.243,20,Male
365,Drusie,Petchell,163.54.46.36,19,Female
366,Adamo,Penhearow,112.129.120.171,26,Male
367,Gabe,Beddoes,166.181.16.193,41,Male
368,Aldric,Wanklyn,211.211.160.22,51,Male
369,Win,Levine,125.179.128.163,33,Male
370,Salim,Slemming,87.200.238.134,42,Male
371,Emlynn,Culver,164.232.198.81,45,Female
372,Raviv,Lammers,1.71.106.236,52,Male
373,Nicolis,Gehringer,16.11.14.176,23,Male
374,Brandea,Restorick,83.99.173.105,20,Female
375,Shelby,Lanham,64.145.22.233,22,Male
376,Hort,Pavlovic,234.209.67.3,29,Male
377,Delphinia,Keble,199.118.60.218,23,Female
378,Connie,Schollar,239.107.244.78,31,Male
379,Kira,Scrigmour,83.175.75.27,35,Female
380,Alric,Humphrey,87.60.75.80,24,Male
381,Zak,O'Crigan,207.184.81.72,41,Male
382,Maddy,Leggott,28.27.216.220,20,Female
383,Maressa,Stratz,238.153.172.129,41,Female
384,Neile,Mongan,102.184.133.255,49,Female
385,Anselma,Siegertsz,109.139.245.222,52,Female
386,Tucky,Yeskov,14.234.162.11,22,Male
387,Barthel,Haddacks,151.178.25.129,48,Male
388,Haily,Dudding,139.103.89.60,40,Male
389,Bobina,Haeslier,72.151.255.124,45,Female
390,Tammara,Markey,202.22.139.190,21,Female
391,Lynda,Lorie,80.134.32.185,51,Female
392,Darby,Virgoe,140.37.237.18,42,Male
393,Natassia,Chaldecott,94.49.204.72,40,Female
394,Avram,Giovanazzi,127.221.73.83,24,Male
395,Netti,Kopmann,23.251.7.246,42,Female
396,Katharina,Andreoletti,127.45.242.199,36,Female
397,Cathie,Spadelli,143.181.35.178,47,Female
398,Chan,Arrington,66.161.64.163,22,Male
399,Gwen,Matiewe,84.82.57.165,51,Female
400,Gunar,McQueen,22.113.49.104,24,Male
401,Phillipp,Large,54.243.35.95,34,Male
402,Alisander,Scamel,243.197.77.34,40,Male
403,Florette,Bateson,47.43.154.3,41,Female
404,Balduin,Papis,112.56.118.226,35,Male
405,Edd,Basketfield,196.123.65.216,31,Male
406,Terence,Caret,82.218.96.227,22,Male
407,Regan,Larraway,210.41.79.208,36,Female
408,Obadiah,MacNaughton,193.31.39.199,20,Male
409,Neale,Slimming,229.48.91.166,30,Male
410,Clyde,McGrath,15.77.153.172,27,Male
411,Jenna,Cordero,42.115.217.66,42,Female
412,Steffi,Kneel,109.165.89.153,25,Female
413,Aksel,Padgett,129.206.206.119,27,Male
414,Carmelle,Brayne,107.145.224.77,25,Female
415,Philipa,Childerley,21.184.107.244,52,Female
416,Odelinda,Huckel,70.226.102.13,37,Female
417,Bayard,Iacovo,211.230.183.32,41,Male
418,Lyssa,Dionsetti,46.175.128.3,37,Female
419,Marjorie,Pettersen,184.67.37.35,38,Female
420,Andres,Oven,52.60.170.115,30,Male
421,Vidovic,Dyka,130.15.114.26,22,Male
422,Berry,Fanstone,203.177.137.112,26,Female
423,Gerek,Mair,4.109.200.81,35,Male
424,Celka,Pryde,98.176.27.134,26,Female
425,Isacco,McAlindon,129.193.215.95,42,Male
426,Cassey,Fynes,93.132.109.95,25,Female
427,Jacob,Vila,11.103.145.65,20,Male
428,Aida,Albury,139.177.174.182,40,Female
429,Jaquenetta,Jesson,137.71.241.59,44,Female
430,Jessika,Shervington,183.104.222.24,51,Female
431,Maddy,Antonich,245.164.18.39,37,Male
432,Danella,Scudamore,172.101.206.118,21,Female
433,Carlita,Wiggin,0.228.125.175,46,Female
434,Monah,Million,74.61.27.135,30,Female
435,Jackson,Idale,226.163.20.57,39,Male
436,Fionna,Crossthwaite,133.114.167.66,22,Female
437,Roosevelt,Kleinert,209.120.83.115,45,Male
438,Allayne,Hought,197.60.134.128,54,Male
439,Francis,Wick,61.95.166.31,44,Male
440,Marena,Revening,228.2.98.196,31,Female
441,Minetta,Inkles,134.245.140.56,32,Female
442,Shirlene,Scirman,246.125.75.178,20,Female
443,Stan,Cogin,104.213.24.15,44,Male
444,Lorene,Fiddy,42.247.229.185,18,Female
445,Freddie,Chapleo,183.26.130.67,20,Male
446,Dido,Geeves,82.233.76.208,48,Female
447,Perle,Mooney,185.37.93.115,44,Female
448,Sorcha,de Mendoza,29.146.9.89,44,Female
449,Pancho,Handasyde,18.235.186.77,21,Male
450,Andre,Kleimt,203.73.65.192,43,Male
451,Velma,Brunotti,4.228.153.91,47,Female
452,Stormie,Napolitano,21.16.35.162,47,Female
453,Catie,Stephens,162.59.38.53,27,Female
454,Cherida,Robbert,58.235.25.129,23,Female
455,Doy,Wandrich,144.216.218.66,22,Male
456,Saunderson,Cardon,255.142.164.204,50,Male
457,Augustin,Aberchirder,20.164.1.107,24,Male
458,Joey,McCorley,244.134.41.72,24,Male
459,Griffith,Cholmondeley,36.163.220.221,40,Male
460,Wilt,Warrior,7.252.111.150,33,Male
461,Giffie,Rougier,0.227.65.55,43,Male
462,Fidelia,Rosenbusch,178.185.46.90,54,Female
463,Skyler,Hestrop,26.56.165.102,32,Male
464,Frederigo,Oddy,96.97.10.185,43,Male
465,Holden,Koche,112.39.224.116,49,Male
466,Florinda,Stillgoe,147.244.129.125,25,Female
467,Priscilla,Carse,166.248.250.234,43,Female
468,Jedidiah,McMyler,168.160.130.241,34,Male
469,Wanda,Lodden,178.56.222.233,26,Female
470,Corney,Scarbarrow,23.143.62.150,29,Male
471,Constantine,Tong,52.101.68.160,36,Female
472,Jacques,Frie,67.18.245.175,33,Male
473,Wake,Jankovic,134.199.208.223,28,Male
474,Torrence,Westerman,72.219.164.63,49,Male
475,Constantine,Caig,151.69.199.167,25,Male
476,Duke,Ixor,197.184.97.172,37,Male
477,Evangeline,Staresmeare,191.30.134.81,43,Female
478,Pierrette,O'Kane,13.212.155.77,21,Female
479,Jen,Ishak,216.243.79.93,32,Female
480,Brose,Schuh,167.209.162.8,30,Male
481,D'arcy,Rubenczyk,122.129.22.250,37,Male
482,Fitzgerald,Coysh,115.159.138.152,38,Male
483,Sophia,Amerighi,221.194.34.101,22,Female
484,Cathrine,De Ortega,12.197.134.38,22,Female
485,Panchito,Pakes,255.76.250.73,25,Male
486,Ricki,Huton,234.244.170.107,38,Female
487,Valentine,Julyan,67.141.2.232,48,Male
488,Paulo,Reeme,223.228.92.0,18,Male
489,Felicdad,Labrenz,141.1.97.205,48,Female
490,Willie,Vincent,0.137.197.18,39,Male
491,Gisella,Martinson,201.31.103.206,41,Female
492,Clementine,Greetland,42.38.97.142,42,Female
493,Ilysa,Motherwell,202.57.44.181,46,Female
494,Idalia,Joriot,89.35.54.125,24,Female
495,Fletcher,Briggs,147.125.43.75,52,Male
496,Nikolos,Moultrie,82.200.236.224,44,Male
497,Sanderson,Cyseley,33.27.41.176,34,Male
498,Valina,Coolahan,128.13.242.102,37,Female
499,Collen,Whittington,249.243.52.213,47,Female
500,Emalee,Saket,188.83.190.126,36,Female
501,Elisha,Statefield,2.2.101.68,43,Female
502,Arliene,Haygreen,138.199.182.176,51,Female
503,Abbot,Sego,77.50.86.135,54,Male
504,Jasmin,Gwyllt,73.36.71.24,39,Female
505,Marcellus,Pywell,51.181.221.218,26,Male
506,Mohammed,Hastler,206.71.199.104,49,Male
507,Britt,Carl,62.161.30.147,43,Male
508,Gregoor,Sterman,147.234.147.175,39,Male
509,Der,Jeakins,131.174.204.106,25,Male
510,Cobb,Cordy,29.45.104.31,26,Male
511,Theobald,Berriman,158.102.22.99,18,Male
512,Chandal,Fitzsymons,191.205.21.136,50,Female
513,Aube,Streatley,4.213.239.71,21,Male
514,Emmalyn,Oiseau,24.16.20.21,41,Female
515,Alair,Antonomoli,61.32.5.193,50,Male
516,Liuka,Ochterlony,11.210.10.83,48,Female
517,Dolph,Greenhalf,53.229.244.141,33,Male
518,Otto,Lambourne,236.237.174.37,52,Male
519,Lois,Heikkinen,102.156.31.61,28,Female
520,Teresita,Limeburn,18.114.243.254,32,Female
521,Araldo,Kelsow,178.168.243.118,36,Male
522,Brynne,Philpott,138.36.51.197,40,Female
523,Bern,Meadley,108.104.30.159,50,Male
524,Hermia,Fallows,84.81.160.197,46,Female
525,Hermy,Splain,9.246.73.203,38,Male
526,Ebony,Dmtrovic,89.100.90.136,21,Female
527,Hermia,Skerman,192.135.95.124,34,Female
528,Erminia,Lethieulier,145.67.127.163,24,Female
529,Culver,Verrillo,90.208.51.166,44,Male
530,Bordie,Tarrier,51.49.112.203,33,Male
531,Gwyn,Kenway,137.247.120.48,41,Female
532,Nicolis,Enticknap,181.83.166.115,52,Male
533,Dominic,Fidell,57.189.138.208,26,Male
534,Jacquetta,Rickeard,214.56.172.225,30,Female
535,Willy,Tathacott,76.182.94.12,31,Female
536,Wes,Polleye,55.230.87.21,47,Male
537,Stevana,Tuffley,33.99.161.23,42,Female
538,Lorne,Sebyer,158.35.28.237,48,Male
539,Allen,Downie,61.205.197.106,27,Male
540,Sterne,Tofful,118.85.186.72,53,Male
541,Caesar,Dionis,190.100.188.47,44,Male
542,Tammy,Purseglove,231.102.238.255,47,Male
543,Geoff,Houtby,147.58.51.162,39,Male
544,Eloise,Flintoff,198.216.112.19,49,Female
545,Reinald,Collyns,53.186.70.219,48,Male
546,Sela,Marginson,158.2.126.110,27,Female
547,Shena,Claffey,225.207.87.127,25,Female
548,Filberto,Panther,91.197.115.149,47,Male
549,Siobhan,Mesant,50.243.138.94,41,Female
550,Gwenette,Pellingar,88.219.100.48,19,Female
551,Bathsheba,Aldins,177.167.178.229,31,Female
552,Valentijn,Stetson,244.221.152.11,33,Male
553,Shayne,Parkeson,176.61.184.27,41,Male
554,Ema,O'Scollee,115.98.50.148,27,Female
555,Leanor,McLaughlan,215.214.48.165,51,Female
556,Doralia,Bernard,68.3.93.198,38,Female
557,Obed,Bance,191.98.102.194,28,Male
558,Darryl,O'Donegan,168.173.21.177,29,Female
559,Gauthier,Linbohm,239.69.54.86,22,Male
560,Wells,Witt,243.244.150.210,22,Male
561,Terence,Pitcher,44.100.96.155,40,Male
562,Ailee,Dransfield,204.65.177.54,23,Female
563,Lyndel,Pollastrino,152.22.116.169,43,Female
564,Igor,Gammon,139.134.234.171,32,Male
565,Gideon,Milnthorpe,94.170.227.155,32,Male
566,Hayes,Catterick,207.222.72.138,43,Male
567,Murdoch,Liff,166.108.35.132,28,Male
568,Merla,Harlowe,39.222.218.244,34,Female
569,Julissa,Johnston,16.7.92.136,41,Female
570,Jody,Knudsen,253.163.136.152,28,Male
571,Catina,Ockenden,114.101.118.15,38,Female
572,Thoma,Schust,240.24.139.74,40,Male
573,Karolina,McGeagh,9.240.148.55,48,Female
574,Philly,Eilert,18.4.143.243,42,Female
575,Marion,Leckie,97.218.100.23,36,Female
576,Cornall,Royston,107.219.178.255,51,Male
577,Malva,Luckin,11.185.18.58,52,Female
578,Nestor,Haldin,191.159.237.104,27,Male
579,Morgen,Siddeley,26.37.159.119,51,Female
580,Rinaldo,Roantree,189.22.163.147,39,Male
581,Jyoti,Feldstein,87.215.61.230,47,Female
582,Cortney,Jemison,132.119.13.46,20,Female
583,Hulda,Goldhill,251.127.191.100,45,Female
584,Wallie,Rowlinson,119.165.75.31,31,Male
585,Chris,Nolan,11.73.234.12,27,Female
586,Ross,Kitchingman,77.119.172.34,49,Male
587,Lacee,Meiklam,144.234.65.60,52,Female
588,Chas,Propper,250.104.204.7,48,Male
589,Lenka,Villaron,80.99.187.172,46,Female
590,Sharline,Allain,90.225.44.108,24,Female
591,Luz,Augie,180.103.122.5,46,Female
592,Rose,Jubb,112.158.233.198,53,Female
593,Loreen,Huffa,97.224.103.202,26,Female
594,Dunstan,Ponten,243.149.146.250,29,Male
595,Riobard,Shevlane,72.31.10.8,29,Male
596,Hervey,Gibbings,113.161.195.46,40,Male
597,Silas,King,232.46.156.186,31,Male
598,Doralynn,Purser,209.122.189.89,49,Female
599,Gordan,Streatfeild,151.153.250.140,53,Male
600,Ranee,Peeters,16.47.49.177,20,Female
601,Milissent,Di Giacomo,66.99.87.90,50,Female
602,Darnall,Bert,81.102.110.126,44,Male
603,Hillel,Fordyce,208.16.110.133,43,Male
604,Jessa,Smorthit,121.244.131.77,36,Female
605,Tiebold,Smidmore,20.159.176.28,37,Male
606,Shaun,Benedicto,207.88.170.112,23,Male
607,Wainwright,Jime,198.131.181.10,23,Male
608,Elke,Nares,200.163.75.250,38,Female
609,Gunner,Gommey,23.223.170.24,52,Male
610,Shirlene,Denial,100.117.107.1,53,Female
611,Stacee,Kemer,2.153.145.124,49,Female
612,Eben,Broadberry,225.43.237.139,29,Male
613,Jennifer,Hesbrook,207.128.65.43,38,Female
614,Henrietta,Kitchenside,178.225.178.234,54,Female
615,Cassy,Whellans,153.71.239.146,18,Female
616,Eleanora,Kenworth,233.91.72.3,40,Female
617,Cull,Ehlerding,191.173.134.242,22,Male
618,Read,Pilmore,107.73.11.133,24,Male
619,Nanine,Berni,36.243.169.178,52,Female
620,Arvin,McCallister,132.106.28.119,29,Male
621,Corney,Burnhard,110.17.118.75,22,Male
622,Tome,Daen,197.166.144.96,39,Male
623,Granger,Tolmie,173.96.53.97,50,Male
624,Lalo,O'Halloran,222.89.59.160,33,Male
625,Lane,Townby,157.204.153.37,41,Male
626,Gaelan,Lawie,31.162.9.32,46,Male
627,Derril,Mariolle,49.168.182.82,52,Male
628,Colet,Peachey,159.50.133.71,20,Male
629,Gustie,Rustich,128.170.87.205,33,Female
630,Merill,Hanretty,171.157.123.191,40,Male
631,Cammi,Ewin,239.248.166.146,44,Female
632,Joe,Gianinotti,219.196.150.214,39,Male
633,Damon,Richardson,142.139.100.167,44,Male
634,Vasily,Merrison,82.79.168.91,31,Male
635,Hephzibah,Jentgens,56.7.122.159,30,Female
636,Uri,Maypowder,199.16.178.30,32,Male
637,Arluene,Oscroft,252.204.206.212,44,Female
638,Reuben,Nutbrown,132.18.172.162,26,Male
639,Benedicta,Blazynski,112.74.11.135,51,Female
640,Brien,Halsted,123.225.49.146,31,Male
641,Neil,Jullian,190.148.249.194,33,Male
642,Emerson,Dysart,54.139.234.47,22,Male
643,Michele,Adelsberg,215.130.93.56,28,Male
644,Kathie,Jumont,195.235.14.13,25,Female
645,Liana,Potzold,56.24.4.200,41,Female
646,Camille,Desforges,156.201.79.124,20,Female
647,Boigie,Wilmington,8.5.139.138,28,Male
648,Brandie,Masser,78.25.179.45,38,Female
649,Cristie,Horsey,10.215.243.130,43,Female
650,Bourke,Littleproud,0.4.129.149,23,Male
651,Franky,Marrow,221.123.171.251,42,Male
652,Kara-lynn,Thing,105.31.72.174,29,Female
653,Alexander,Tomalin,125.60.30.132,40,Male
654,Anabella,Cordelet,206.129.85.32,36,Female
655,Bronnie,Pitkin,45.36.38.113,25,Male
656,Sibyl,Dominiak,201.248.182.145,43,Male
657,Lisle,Whithorn,161.170.243.105,19,Male
658,Bernardine,Hegerty,198.154.249.132,32,Female
659,Lauryn,Gallant,187.38.70.35,27,Female
660,Hoebart,Kitlee,196.132.88.220,42,Male
661,Thorin,Khristyukhin,12.210.220.13,39,Male
662,Yvonne,Craigs,252.28.202.23,29,Female
663,Caitlin,Stobbe,45.106.18.52,18,Female
664,Miguel,Wenman,135.97.30.217,18,Male
665,Sigismund,Christophersen,203.242.108.19,23,Male
666,Morgun,Peeter,94.226.255.37,36,Male
667,Kip,Bennitt,32.206.9.11,18,Female
668,Etty,Mallabone,140.178.154.203,25,Female
669,Avrom,Daws,125.141.138.178,47,Male
670,Hilda,Halleybone,175.155.166.218,18,Female
671,Harland,McKag,66.119.235.164,21,Male
672,Catlee,Beston,149.49.86.80,43,Female
673,Staford,Hayes,212.101.197.37,48,Male
674,Gordon,Kidman,136.175.255.255,22,Male
675,Markos,Brewin,82.83.160.19,33,Male
676,Orly,Annable,177.86.126.32,53,Female
677,Bernetta,Bompass,133.229.37.22,22,Female
678,Delcina,Lauritsen,81.226.128.133,37,Female
679,Vick,Farthin,205.181.53.49,32,Male
680,Jasper,Gaffey,62.10.105.51,45,Male
681,Lorrayne,Vaskin,77.142.117.68,39,Female
682,Rasla,Ive,41.208.133.140,26,Female
683,Shana,Cator,150.92.240.56,38,Female
684,Aldus,Andreasson,102.185.130.178,48,Male
685,Wood,Yuill,193.106.56.215,24,Male
686,Aldwin,Widdicombe,224.157.189.148,37,Male
687,Shirline,Spackman,22.182.35.252,22,Female
688,Dido,Romme,31.71.145.37,32,Female
689,Kiel,Paik,214.144.206.43,53,Male
690,Sara,Sheirlaw,202.205.4.89,54,Female
691,Merna,Comberbach,19.13.88.61,18,Female
692,Angy,Hammerton,29.130.112.178,34,Female
693,Ashlin,Carmody,146.51.28.54,48,Male
694,Ilaire,Samsworth,216.14.85.116,31,Male
695,Merridie,Risbrough,134.249.236.227,43,Female
696,Tedman,Wolland,201.159.143.170,50,Male
697,Karena,Fishley,180.187.231.33,43,Female
698,Rochella,Emburey,42.221.229.72,44,Female
699,Yvon,Jann,201.46.170.29,41,Male
700,Roxanna,Crudgington,236.146.87.9,26,Female
701,Tamarah,Ruprechter,43.130.235.240,53,Female
702,George,Feeny,144.13.231.17,25,Male
703,Colline,Chittie,187.153.53.215,52,Female
704,Pattie,Roskam,110.165.208.97,32,Male
705,Codie,Farriar,74.98.13.187,22,Male
706,Nathaniel,Geraldini,48.254.1.191,42,Male
707,Marcela,Stukings,204.249.181.85,54,Female
708,Fielding,Yesinov,175.112.2.242,39,Male
709,Tracy,Gorgen,53.125.66.56,42,Female
710,Faye,Torald,166.126.148.204,50,Female
711,Law,Petrichat,82.69.123.191,19,Male
712,Heinrick,Beet,47.222.164.16,40,Male
713,Konstanze,McGregor,87.153.26.144,24,Female
714,Kleon,Woolstenholmes,99.108.247.10,38,Male
715,Gaultiero,Guilleton,33.111.170.0,38,Male
716,Maitilde,Crawford,142.196.48.139,29,Female
717,Leonhard,Handrek,137.167.164.212,42,Male
718,Shell,Flemyng,14.224.100.66,25,Female
719,Marshal,Odo,125.245.3.181,34,Male
720,Morton,Keddie,168.109.9.161,22,Male
721,Torre,Becraft,21.179.244.215,20,Male
722,Bobbe,Mallia,141.86.97.64,36,Female
723,Bettina,Agg,103.201.39.91,18,Female
724,Midge,Hallam,193.60.152.208,41,Female
725,Cobby,Barnwille,156.55.228.73,46,Male
726,Olin,Izod,94.124.61.94,45,Male
727,Sigismondo,Louthe,123.160.155.86,21,Male
728,Kevan,Aiston,232.26.70.226,43,Male
729,Eachelle,Almond,1.173.44.20,39,Female
730,Annette,Joselovitch,249.151.220.12,41,Female
731,Jackie,Chippin,74.95.85.42,50,Male
732,Joeann,Greader,73.189.12.146,47,Female
733,Amalia,Brewett,67.132.71.72,22,Female
734,Ailyn,Mowat,14.202.119.142,35,Female
735,Shelley,Brammall,228.58.15.238,24,Male
736,Josiah,Souness,39.115.165.27,46,Male
737,Dev,Maddigan,39.111.98.108,26,Male
738,Prisca,Brunskill,220.228.222.4,50,Female
739,Sibelle,Latey,45.171.98.183,46,Female
740,Briggs,Haveline,8.216.248.159,51,Male
741,Layton,Sandes,184.21.39.165,27,Male
742,Fina,Petow,221.13.183.28,47,Female
743,Goldi,O' Dooley,194.73.98.163,40,Female
744,Rozelle,Dufaire,93.32.95.31,37,Female
745,Claudelle,Brake,19.120.65.162,25,Female
746,Hakim,McCorry,150.83.58.147,24,Male
747,Giorgia,Thal,83.148.118.70,37,Female
748,Tarra,Gehricke,9.148.3.78,46,Female
749,Thebault,Burdass,3.128.62.159,33,Male
750,Effie,Jaram,30.212.3.47,27,Female
751,Albrecht,Caro,149.5.25.44,33,Male
752,Claybourne,Randell,30.135.184.242,45,Male
753,Hercules,Huey,55.33.21.28,52,Male
754,Suzette,Bremeyer,65.44.111.24,32,Female
755,Gallard,O' Hogan,209.172.209.28,24,Male
756,Kathi,Trembley,167.85.223.102,34,Female
757,Gusty,Straffon,149.136.155.247,23,Female
758,Dickie,Tebbut,82.219.204.30,21,Male
759,Reggis,Pattington,141.209.251.135,52,Male
760,Britt,Sorrill,194.60.12.89,42,Male
761,Graehme,Prester,98.23.185.198,23,Male
762,Merrie,Hargraves,199.34.189.49,44,Female
763,Alfi,Crocken,138.70.214.33,25,Female
764,Christoph,Somerbell,227.114.240.121,51,Male
765,Kaela,Dumphy,187.86.167.227,20,Female
766,Rabi,Dimanche,212.83.160.107,30,Male
767,Bekki,Dinsale,93.200.53.91,32,Female
768,Bordy,Earwicker,196.57.162.83,36,Male
769,Eadie,Osipov,126.68.223.51,31,Female
770,Feliks,Fallawe,130.152.182.150,54,Male
771,Judie,MacAlpyne,152.238.65.28,33,Female
772,Glori,Stuck,8.228.94.38,28,Female
773,Adriena,Lambersen,169.83.53.177,50,Female
774,Ram,McCooke,97.192.200.179,48,Male
775,Sansone,Polet,155.90.64.187,29,Male
776,Dante,Mannion,138.87.121.87,44,Male
777,Dur,Hext,229.167.55.44,23,Male
778,Demetre,Falcus,251.242.245.160,24,Male
779,Ibrahim,Schimonek,163.58.83.91,37,Male
780,Ketti,Gerry,138.246.97.145,52,Female
781,Beryl,Samet,213.92.219.53,26,Female
782,Carol-jean,Seeborne,95.233.250.242,32,Female
783,Taylor,Hollingsbee,184.147.43.191,33,Male
784,Matthieu,Fackney,103.95.133.221,19,Male
785,Meg,Presser,121.61.7.127,40,Female
786,Isacco,Boden,181.248.233.36,35,Male
787,Aubrey,Kidby,197.197.21.20,44,Female
788,Trevor,Mulligan,132.92.42.97,45,Male
789,Christian,Maliphant,110.48.230.231,42,Female
790,Jerri,Larcier,226.0.192.44,45,Male
791,Theressa,Loxston,85.23.74.244,34,Female
792,Conn,Dockree,220.64.115.217,38,Male
793,Loren,Peagrim,186.146.121.121,38,Male
794,Estevan,Dando,240.144.54.196,37,Male
795,Franklin,Halson,70.26.220.234,53,Male
796,Barbara-anne,Befroy,223.83.56.107,40,Female
797,Ugo,Kenwin,248.94.148.253,38,Male
798,Jillana,Veal,39.130.206.134,18,Female
799,Natalee,Quixley,173.36.160.124,24,Female
800,Ilka,Jepensen,105.172.166.100,36,Female
801,Burnard,Jewell,59.93.104.192,37,Male
802,Mickie,Sitlinton,14.172.90.68,32,Male
803,Frank,MacBean,44.179.210.40,45,Male
804,Jacob,Priel,15.46.203.193,37,Male
805,Cesaro,Lodin,75.169.135.109,27,Male
806,Alexandre,Filipson,70.23.193.129,43,Male
807,Fields,Bohills,42.48.123.226,39,Male
808,Yulma,Jouannisson,178.77.114.165,50,Male
809,Bron,Prozescky,86.225.243.19,32,Male
810,Darnall,Date,126.80.191.117,20,Male
811,Angeline,Schuster,3.4.12.143,36,Female
812,Lida,Moulin,147.88.202.155,23,Female
813,Perice,Bartaloni,35.131.58.238,34,Male
814,Devland,Palmar,94.247.30.225,52,Male
815,Ralph,Goatman,237.130.118.32,23,Male
816,Keely,Clackson,193.174.217.51,29,Female
817,Jada,Veal,60.1.184.163,48,Female
818,Risa,Godar,153.150.201.142,45,Female
819,Anatola,Askam,33.245.216.199,54,Female
820,Pamelina,Silvester,52.168.64.82,24,Female
821,Gerard,Capey,169.215.135.132,49,Male
822,Benton,L'oiseau,55.136.197.210,26,Male
823,Artus,Shard,193.52.165.117,18,Male
824,Devin,Kinnach,244.228.69.202,29,Male
825,Allsun,De Filippi,128.54.185.5,39,Female
826,Meg,Depper,195.213.70.12,28,Female
827,Weidar,Hatry,155.131.206.31,29,Male
828,Jenda,Cordier,221.172.56.233,39,Female
829,Ogdon,Hurn,153.64.195.250,46,Male
830,Bunni,Devigne,44.108.143.166,21,Female
831,Howard,Sturge,196.23.219.197,36,Male
832,Adrea,Dictus,175.228.10.165,46,Female
833,Camilla,Le Guin,40.76.117.255,36,Female
834,Emmalynne,Iashvili,125.53.91.18,36,Female
835,Lelah,Gergher,112.150.147.130,46,Female
836,Barri,Wrought,213.17.76.20,50,Male
837,Lorin,Filtness,159.126.219.65,48,Male
838,Maury,Hinze,172.105.199.103,18,Male
839,Gilberto,Arne,53.22.240.1,34,Male
840,Britt,Sykes,18.114.203.210,21,Female
841,Camey,Diament,248.108.88.63,23,Male
842,Maurita,Ludye,73.111.91.255,21,Female
843,Vernon,Lawn,119.6.116.106,31,Male
844,Cristi,Filmer,104.213.172.202,44,Female
845,Denny,Pettman,156.234.190.74,36,Male
846,Bernhard,Housam,232.52.242.137,52,Male
847,Corney,Alner,113.133.92.109,35,Male
848,Saidee,Fennelow,30.100.90.10,19,Female
849,Tadeas,Dymock,237.73.195.131,48,Male
850,Augusto,Calltone,123.195.81.151,27,Male
851,Gaynor,Adey,245.4.124.72,32,Female
852,Carlina,Sheldon,135.207.27.249,40,Female
853,Meyer,Mowday,100.3.87.99,46,Male
854,Pen,Denziloe,83.38.197.97,26,Female
855,Orelia,Purves,241.55.94.93,34,Female
856,Rebekkah,Curson,1.200.212.73,42,Female
857,Corette,Sterre,121.72.139.160,29,Female
858,Roley,McGilbon,203.218.195.103,30,Male
859,Berkeley,Siddle,28.34.18.230,41,Male
860,Fielding,Pfaff,163.223.87.232,48,Male
861,Jeno,Kermath,113.43.158.169,19,Male
862,Christye,Melmoth,184.32.190.202,23,Female
863,Clareta,Lathom,60.62.238.127,53,Female
864,Hakeem,Tabbernor,56.153.117.21,24,Male
865,Boycey,Schruur,129.248.96.216,41,Male
866,Fayre,Wishart,62.226.11.57,46,Female
867,Alric,Pountain,158.149.215.6,33,Male
868,Kata,Matic,103.5.136.120,39,Female
869,Yolanthe,Hook,74.82.105.155,40,Female
870,Damian,Penna,196.186.2.50,18,Male
871,Sebastien,Jeremaes,100.28.15.72,46,Male
872,Shalom,Sarfat,11.55.251.132,36,Male
873,Morse,Handrahan,85.28.23.154,19,Male
874,Fredric,Kassel,144.194.103.79,35,Male
875,Bordie,Maffezzoli,137.251.109.44,47,Male
876,Talbert,Dagwell,244.218.108.246,49,Male
877,Marin,Croker,226.88.245.124,53,Female
878,Hope,Sheaf,220.69.35.205,30,Female
879,Travers,Spearman,100.47.23.64,30,Male
880,Costanza,Kadd,218.54.26.179,32,Female
881,Goddard,Meneur,110.178.39.64,41,Male
882,Junina,Orr,83.247.204.228,32,Female
883,Cristine,Annear,38.133.199.229,32,Female
884,Rosalie,Severns,47.147.239.103,54,Female
885,Leesa,Fenwick,106.166.150.220,51,Female
886,Matthaeus,Prujean,93.171.112.122,30,Male
887,Jonie,Ackland,157.155.106.83,48,Female
888,Loree,Cromb,121.203.156.6,44,Female
889,Dunc,Vokins,153.110.228.10,29,Male
890,Brewer,Haugg,61.162.200.173,36,Male
891,Brigida,Dunford,62.90.58.144,38,Female
892,Danella,Nevinson,47.221.132.142,34,Female
893,Hamel,Lorand,238.122.71.67,25,Male
894,Xenos,Spadazzi,193.49.224.30,34,Male
895,Randi,Blackham,105.200.230.1,53,Male
896,Niel,Lerwill,232.54.234.252,52,Male
897,Hallie,Jovis,161.43.165.49,22,Female
898,Evelina,Bezley,140.249.165.146,34,Female
899,Ray,Maffi,42.84.79.30,41,Male
900,Terencio,Oliff,51.70.88.208,37,Male
901,Alexio,Janosevic,62.47.192.239,21,Male
902,Laurie,Eicke,150.253.186.233,29,Female
903,Vanessa,Hartup,24.235.238.228,51,Female
904,Harmony,Amiss,111.164.231.72,27,Female
905,Eddi,Marriner,164.251.123.21,46,Female
906,Niccolo,Sandercroft,233.194.4.129,25,Male
907,Bobine,Vanyarkin,197.128.230.245,45,Female
908,Pamelina,MacMakin,5.235.59.120,26,Female
909,Gayle,Dudek,136.206.174.158,19,Male
910,Chaim,Tomlin,140.228.249.186,34,Male
911,Karry,Paxeford,174.210.145.127,52,Female
912,Ryun,Matt,10.191.74.187,51,Male
913,Diandra,Melmar,193.18.236.187,28,Female
914,Jeana,Witherspoon,199.61.26.124,34,Female
915,Karena,Blunkett,60.141.107.212,41,Female
916,Gayler,McCulloch,90.177.72.234,44,Male
917,Rozalie,Labeuil,175.4.84.30,29,Female
918,Elbertina,Downage,85.221.26.145,35,Female
919,Carmina,Grattan,102.88.130.89,43,Female
920,Maegan,Ivakhin,48.26.34.118,21,Female
921,Samuele,Groger,22.211.88.253,29,Male
922,Theodor,Swyer-Sexey,80.54.30.148,22,Male
923,Lev,Iozefovich,65.43.224.45,18,Male
924,Richie,Madden,120.9.39.247,32,Male
925,Rubin,Youd,54.207.5.173,21,Male
926,Nora,Mouat,53.207.90.18,52,Female
927,Lancelot,Liversidge,89.217.164.189,39,Male
928,Sacha,Ewers,123.74.234.117,52,Female
929,Kiah,Bartle,206.140.117.3,35,Female
930,Evita,Birtles,116.72.55.72,36,Female
931,Kacey,Dronsfield,33.83.184.3,33,Female
932,Teresita,Glentworth,153.205.53.13,25,Female
933,Shaine,Filmer,34.94.12.242,47,Male
934,Sophie,Garnett,44.210.252.9,45,Female
935,Guillermo,Simmonds,93.35.53.125,21,Male
936,Jamal,Eggerton,114.194.225.27,22,Male
937,Glynis,Matskevich,61.13.240.137,19,Female
938,Charmion,Baskett,147.90.8.75,30,Female
939,Delano,Cajkler,87.15.253.223,23,Male
940,Mala,Simanek,164.83.162.169,52,Female
941,Rianon,Gelder,145.75.0.30,34,Female
942,Nata,Cure,221.220.74.176,24,Female
943,Izabel,Worcester,144.159.53.108,54,Female
944,Corny,Hum,119.209.40.79,33,Male
945,Elladine,Boxer,41.241.17.60,32,Female
946,Emmott,Axcell,3.28.63.163,31,Male
947,Madelle,Elcoux,214.97.26.80,34,Female
948,Susannah,Kield,82.167.37.49,20,Female
949,Cariotta,Kenryd,207.179.226.217,46,Female
950,Pietrek,Incogna,202.128.215.139,46,Male
951,Daniel,Gundrey,195.115.245.195,38,Male
952,Tatiana,Stuckley,130.152.127.32,18,Female
953,Rudyard,Andreasson,65.73.162.20,29,Male
954,Donny,Dryden,197.116.141.88,45,Female
955,Erhard,Ritson,184.172.71.236,31,Male
956,Wood,Lefever,212.22.86.132,51,Male
957,Seymour,Mc Carrick,5.252.206.211,42,Male
958,Lem,Vaughton,175.115.31.120,36,Male
959,Kendra,Dobrovsky,229.140.43.105,41,Female
960,Drucill,Meynell,247.141.129.97,37,Female
961,Cordula,Sigart,241.83.58.1,54,Female
962,Carter,Charlwood,51.216.22.252,41,Male
963,Andrei,Eddis,25.219.210.70,38,Female
964,Rosco,Dismore,214.188.185.85,33,Male
965,Vida,Bickardike,143.74.10.188,38,Female
966,Shara,Trodd,215.3.211.213,37,Female
967,Linus,Ellin,138.245.59.27,24,Male
968,Silvan,Kittles,179.249.12.166,49,Male
969,Herman,Sharrocks,77.148.58.126,44,Male
970,Genna,Degue,161.89.72.194,40,Female
971,Burnard,Iwanicki,51.79.41.61,30,Male
972,Arielle,Voas,32.68.106.218,43,Female
973,Sutherland,Jobbins,126.110.10.58,25,Male
974,Kippie,Olander,66.81.103.26,25,Female
975,Isidore,Ygo,54.5.244.170,42,Male
976,Maryann,Dwyr,244.158.47.243,50,Female
977,Rollins,Burnitt,57.221.92.59,31,Male
978,Francois,Mosedall,69.235.126.107,29,Male
979,Bevon,Ganter,41.178.73.170,28,Male
980,Erminie,Kirtley,204.3.255.114,27,Female
981,Mendel,Papes,49.137.213.176,48,Male
982,Bernelle,Iiannone,77.131.216.245,38,Female
983,Anstice,Szymanowicz,102.70.82.241,46,Female
984,Jakie,Martini,239.177.143.210,35,Male
985,Gwynne,Elston,56.200.217.187,32,Female
986,Shani,D'Cruze,53.154.56.70,18,Female
987,Viviana,Heine,179.57.116.84,25,Female
988,Arluene,Fryman,91.59.236.135,50,Female
989,Louis,MacDowal,253.152.127.202,28,Male
990,Lois,Wells,94.211.172.192,22,Female
991,Harlie,Stucke,226.2.0.223,21,Female
992,Samson,Heakins,217.129.49.210,18,Male
993,Rupert,Noad,131.17.235.62,49,Male
994,Vance,Sutlieff,25.248.208.186,26,Male
995,Tucker,Lowthian,231.183.118.225,43,Male
996,Athene,Goldin,184.238.159.157,47,Female
997,Drucy,Wegner,247.41.190.17,42,Female
998,Natale,Bratley,1.216.186.61,48,Male
999,Ainsley,Timmermann,34.86.87.104,41,Female
1000,Evelina,Bradbury,179.123.60.134,50,Female
